[
    {
        "name": "ls",
        "description": "List directory contents.",
        "syntax": "ls [options] [files]",
        "example": "ls -la /home/user",
        "options": "-l, -a, -h",
        "category": "File Management",
        "notes": "List files and directories."
    },
    {
        "name": "cd",
        "description": "Change directory.",
        "syntax": "cd [directory]",
        "example": "cd /var/log",
        "options": "~, -",
        "category": "Navigation",
        "notes": "No output on success."
    },
    {
        "name": "cp",
        "description": "Copy files and directories.",
        "syntax": "cp [options] source destination",
        "example": "cp file.txt /tmp/file.txt",
        "options": "-r, -i, -v",
        "category": "File Management",
        "notes": "Use -r to copy directories."
    },
    {
        "name": "mv",
        "description": "Move or rename files and directories.",
        "syntax": "mv [options] source destination",
        "example": "mv old.txt new.txt",
        "options": "-i, -v",
        "category": "File Management",
        "notes": "Also used to rename files."
    },
    {
        "name": "grep",
        "description": "Search for patterns in files.",
        "syntax": "grep [options] pattern [files]",
        "example": "grep -R \"TODO\" src/",
        "options": "-R, -i, -n",
        "category": "Text Processing",
        "notes": "Use with pipes to filter output."
    },
    {
        "name": "chmod",
        "description": "Change file permissions.",
        "syntax": "chmod [mode] file",
        "example": "chmod 755 script.sh",
        "options": "Symbolic or octal modes",
        "category": "Permissions",
        "notes": "Be careful when changing permissions."
    },
    {
        "name": "ps",
        "description": "Report current processes.",
        "syntax": "ps [options]",
        "example": "ps aux | grep nginx",
        "options": "aux, -ef",
        "category": "Process Management",
        "notes": "Combine with top or htop for dynamic view."
    }
]